instrument,tf,strategy,candles,trades,winRate,profitFactor,totalPnlPct,avgPnlPct,avgBars,maxWinPct,maxLossPct
NIFTY,1m,s2_scalper,6942,4,25,0.11,-4.02,-1,1457.5,0.48,-1.5
NIFTY,1m,option_rsi_mr,6942,89,0,0,-3578.27,-40.21,41.6,0,-41.29
NIFTY,1m,trend_continuation,6942,264,0.38,0,-5016.26,-19,19.9,3.06,-22.98
NIFTY,1m,bb_mean_reversion,6942,110,0,0,-4402.91,-40.03,40.7,-16.92,-42.06
NIFTY,1m,rsi_reversal,6942,82,0,0,-3282,-40.02,40.7,-14.98,-41.74
NIFTY,1m,sma_ema_trend,6942,157,0,0,-6326.2,-40.29,41.1,-3.63,-41.56
NIFTY,1m,sma_ema_cross,6942,2,100,99,3.76,1.88,3430,3,0.76
NIFTY,1m,rsi_overbought_oversold,6942,4,50,1.02,0.05,0.01,1706.8,3,-1.5
NIFTY,1m,bollinger_band_reversal,6942,5,20,0.01,-5.95,-1.19,1369.4,0.05,-1.5
NIFTY,3m,s2_scalper,2304,1,0,0,-1.5,-1.5,2098,-1.5,-1.5
NIFTY,3m,option_rsi_mr,2304,31,0,0,-1255.48,-40.5,42.7,-33.61,-41.39
NIFTY,3m,trend_continuation,2304,84,0,0,-1566.08,-18.64,20,-6.08,-22.42
NIFTY,3m,bb_mean_reversion,2304,37,0,0,-1436.09,-38.81,41.6,-27.56,-42.73
NIFTY,3m,rsi_reversal,2304,26,0,0,-1057.3,-40.67,42.3,-40,-41.85
NIFTY,3m,sma_ema_trend,2304,51,0,0,-2051.39,-40.22,41.6,-20.82,-41.66
NIFTY,3m,sma_ema_cross,2304,1,0,0,-0.63,-0.63,2213,-0.63,-0.63
NIFTY,3m,rsi_overbought_oversold,2304,2,50,1.35,0.56,0.28,1112,2.06,-1.5
NIFTY,3m,bollinger_band_reversal,2304,3,33.33,0,-2.99,-1,724.7,0.01,-1.5
NIFTY,5m,s2_scalper,1422,2,0,0,-3,-1.5,189,-1.5,-1.5
NIFTY,5m,option_rsi_mr,1422,19,5.26,0,-682.84,-35.94,38.6,2.38,-45.92
NIFTY,5m,trend_continuation,1422,52,1.92,0.01,-889.22,-17.1,19.3,6.45,-22.4
NIFTY,5m,bb_mean_reversion,1422,22,0,0,-865.03,-39.32,41.4,-26.83,-44
NIFTY,5m,rsi_reversal,1422,17,0,0,-647.21,-38.07,41.5,-13.97,-42.06
NIFTY,5m,sma_ema_trend,1422,33,6.06,0.01,-1178.91,-35.72,38.5,9.57,-42.1
NIFTY,5m,sma_ema_cross,1422,6,33.33,0.59,-2.45,-0.41,212.8,3,-1.5
NIFTY,5m,rsi_overbought_oversold,1422,6,33.33,0.53,-2.8,-0.47,190.5,3,-1.5
NIFTY,5m,bollinger_band_reversal,1422,4,25,0.11,-4.02,-1,333.8,0.48,-1.5
NIFTY,15m,s2_scalper,532,3,33.33,0.99,0,0,75.7,3,-1.5
NIFTY,15m,option_rsi_mr,532,9,11.11,0.06,-219.12,-24.35,31,13.76,-43.85
NIFTY,15m,trend_continuation,532,19,5.26,0.08,-298.47,-15.71,19.6,29.84,-22.78
NIFTY,15m,bb_mean_reversion,532,8,0,0,-279.76,-34.97,36.6,-18.69,-40.87
NIFTY,15m,rsi_reversal,532,6,0,0,-208.73,-34.79,35.3,-1.33,-45.06
NIFTY,15m,sma_ema_trend,532,13,15.38,0.06,-361.66,-27.82,34.5,13.76,-51.98
NIFTY,15m,sma_ema_cross,532,4,50,1.25,0.79,0.2,94.8,3,-1.5
NIFTY,15m,rsi_overbought_oversold,532,5,20,0.02,-5.87,-1.17,80.8,0.13,-1.5
NIFTY,15m,bollinger_band_reversal,532,7,14.29,0.39,-4.58,-0.65,60.9,3,-1.5
BANKNIFTY,1m,s2_scalper,6942,4,25,0.05,-4.28,-1.07,1514.5,0.22,-1.5
BANKNIFTY,1m,option_rsi_mr,6942,89,0,0,-3615.43,-40.62,42.4,-31.02,-41.76
BANKNIFTY,1m,trend_continuation,6942,265,2.64,0.01,-4876.86,-18.4,19.9,12.53,-22.53
BANKNIFTY,1m,bb_mean_reversion,6942,110,0,0,-4381.72,-39.83,40.9,-19.24,-41.73
BANKNIFTY,1m,rsi_reversal,6942,76,1.32,0.01,-3021.76,-39.76,41.6,17.66,-41.63
BANKNIFTY,1m,sma_ema_trend,6942,156,0,0,-6300.63,-40.39,41.8,-9.85,-42.24
BANKNIFTY,1m,sma_ema_cross,6942,3,33.33,1.77,1.27,0.42,2272.7,3,-1.5
BANKNIFTY,1m,rsi_overbought_oversold,6942,2,100,99,4.76,2.38,3418.5,3,1.76
BANKNIFTY,1m,bollinger_band_reversal,6942,2,100,99,4.86,2.43,3421.5,3,1.86
BANKNIFTY,3m,s2_scalper,2304,2,0,0,-2.42,-1.21,434,-0.92,-1.5
BANKNIFTY,3m,option_rsi_mr,2304,32,0,0,-1278.62,-39.96,42.6,-9.03,-44.45
BANKNIFTY,3m,trend_continuation,2304,82,3.66,0.01,-1377.84,-16.8,20,7.57,-22.38
BANKNIFTY,3m,bb_mean_reversion,2304,34,0,0,-1278.23,-37.59,41.6,-22.66,-41.23
BANKNIFTY,3m,rsi_reversal,2304,27,0,0,-1095.05,-40.56,43.3,-40.02,-41.5
BANKNIFTY,3m,sma_ema_trend,2304,50,2,0,-1974.94,-39.5,42.1,6.79,-42.29
BANKNIFTY,3m,sma_ema_cross,2304,3,66.67,2.23,1.75,0.58,720.3,3,-1.5
BANKNIFTY,3m,rsi_overbought_oversold,2304,3,100,99,7.01,2.34,725.7,3,1.01
BANKNIFTY,3m,bollinger_band_reversal,2304,6,50,1.38,1.63,0.27,368.3,3,-1.5
BANKNIFTY,5m,s2_scalper,1422,2,0,0,-2.44,-1.22,322,-0.94,-1.5
BANKNIFTY,5m,option_rsi_mr,1422,20,5,0.02,-751.46,-37.57,42.6,19.99,-41.81
BANKNIFTY,5m,trend_continuation,1422,50,6,0.06,-785.66,-15.71,20,38.99,-21.97
BANKNIFTY,5m,bb_mean_reversion,1422,22,0,0,-823.23,-37.42,42.2,-21.82,-43.04
BANKNIFTY,5m,rsi_reversal,1422,19,5.26,0.03,-695.22,-36.59,41.6,20.51,-41.93
BANKNIFTY,5m,sma_ema_trend,1422,29,3.45,0.02,-1118.1,-38.56,43,19.99,-42.31
BANKNIFTY,5m,sma_ema_cross,1422,2,50,0.61,-0.59,-0.29,672.5,0.91,-1.5
BANKNIFTY,5m,rsi_overbought_oversold,1422,4,75,5.33,6.45,1.61,331.3,3,-1.5
BANKNIFTY,5m,bollinger_band_reversal,1422,5,40,0.68,-1.43,-0.29,263.8,3,-1.5
BANKNIFTY,15m,s2_scalper,532,1,0,0,-0.3,-0.3,123,-0.3,-0.3
BANKNIFTY,15m,option_rsi_mr,532,9,11.11,0.06,-297.75,-33.08,42.1,18.66,-47.07
BANKNIFTY,15m,trend_continuation,532,17,23.53,0.27,-153.43,-9.03,19.4,33.98,-22.06
BANKNIFTY,15m,bb_mean_reversion,532,8,12.5,0.04,-219.49,-27.44,38.6,9.9,-41.52
BANKNIFTY,15m,rsi_reversal,532,7,0,0,-252.88,-36.13,40,-0.45,-49.04
BANKNIFTY,15m,sma_ema_trend,532,12,8.33,0.04,-394.66,-32.89,37.9,18.66,-40.96
BANKNIFTY,15m,sma_ema_cross,532,3,33.33,0.3,-2.09,-0.7,142.7,0.91,-1.5
BANKNIFTY,15m,rsi_overbought_oversold,532,3,33.33,0.59,-1.19,-0.4,153,1.81,-1.5
BANKNIFTY,15m,bollinger_band_reversal,532,4,75,4.47,5.24,1.31,115,3,-1.5
FINNIFTY,1m,s2_scalper,6942,4,25,0.02,-4.43,-1.11,1369.5,0.07,-1.5
FINNIFTY,1m,option_rsi_mr,6942,88,0,0,-3587.03,-40.76,42.1,-40,-42.37
FINNIFTY,1m,trend_continuation,6942,263,2.28,0.01,-4876.15,-18.54,20,11.07,-22.66
FINNIFTY,1m,bb_mean_reversion,6942,113,0,0,-4529.66,-40.09,41.3,-25.64,-42.07
FINNIFTY,1m,rsi_reversal,6942,88,0,0,-3567.84,-40.54,41.9,-40,-42.36
FINNIFTY,1m,sma_ema_trend,6942,154,0,0,-6231.8,-40.47,41.9,-24.02,-42.45
FINNIFTY,1m,sma_ema_cross,6942,4,0,0,-5.75,-1.44,1697,-1.25,-1.5
FINNIFTY,1m,rsi_overbought_oversold,6942,5,40,0.79,-1.07,-0.21,1355.8,3,-1.5
FINNIFTY,1m,bollinger_band_reversal,6942,3,33.33,0.79,-0.58,-0.19,2277.7,2.42,-1.5
FINNIFTY,3m,s2_scalper,2304,3,33.33,1.01,0,0,601,3,-1.5
FINNIFTY,3m,option_rsi_mr,2304,31,0,0,-1243.93,-40.13,42.8,-13.98,-42.53
FINNIFTY,3m,trend_continuation,2304,86,3.49,0.02,-1466.8,-17.06,19.9,13.4,-22.54
FINNIFTY,3m,bb_mean_reversion,2304,36,0,0,-1353.97,-37.61,41.3,-19.96,-43.07
FINNIFTY,3m,rsi_reversal,2304,30,0,0,-1220.96,-40.7,41.7,-40.01,-43.02
FINNIFTY,3m,sma_ema_trend,2304,49,0,0,-1975.49,-40.32,43,-12.97,-45.7
FINNIFTY,3m,sma_ema_cross,2304,3,66.67,2.28,1.82,0.61,723.7,3,-1.5
FINNIFTY,3m,rsi_overbought_oversold,2304,3,33.33,0.9,-0.22,-0.07,736,2.78,-1.5
FINNIFTY,3m,bollinger_band_reversal,2304,3,33.33,0.7,-0.85,-0.28,749,2.15,-1.5
FINNIFTY,5m,s2_scalper,1422,2,50,2.05,1.5,0.75,298,3,-1.5
FINNIFTY,5m,option_rsi_mr,1422,19,5.26,0.02,-686.12,-36.11,42.2,13.55,-41.44
FINNIFTY,5m,trend_continuation,1422,51,3.92,0.05,-749.26,-14.69,19.8,35.75,-22.56
FINNIFTY,5m,bb_mean_reversion,1422,20,0,0,-772.95,-38.65,41.3,-21.15,-43.09
FINNIFTY,5m,rsi_reversal,1422,18,0,0,-719.54,-39.97,44.7,-30.59,-41.73
FINNIFTY,5m,sma_ema_trend,1422,31,3.23,0.02,-1180.98,-38.1,41.4,20.41,-42.72
FINNIFTY,5m,sma_ema_cross,1422,3,66.67,2.29,1.84,0.61,440,3,-1.5
FINNIFTY,5m,rsi_overbought_oversold,1422,2,50,1.54,0.84,0.42,669,2.34,-1.5
FINNIFTY,5m,bollinger_band_reversal,1422,2,50,1.54,0.85,0.43,678,2.35,-1.5
FINNIFTY,15m,s2_scalper,532,1,0,0,-1.5,-1.5,91,-1.5,-1.5
FINNIFTY,15m,option_rsi_mr,532,8,12.5,0.05,-268.22,-33.53,40.8,16.55,-41.98
FINNIFTY,15m,trend_continuation,532,20,35,0.39,-112.45,-5.62,18.9,23.29,-21.9
FINNIFTY,15m,bb_mean_reversion,532,8,12.5,0.06,-214.14,-26.77,39,14.22,-40.87
FINNIFTY,15m,rsi_reversal,532,7,0,0,-264.01,-37.72,42.3,-15.46,-44.09
FINNIFTY,15m,sma_ema_trend,532,12,16.67,0.07,-342.69,-28.56,37.4,23.38,-41.1
FINNIFTY,15m,sma_ema_cross,532,2,50,2.06,1.5,0.75,228.5,3,-1.5
FINNIFTY,15m,rsi_overbought_oversold,532,5,20,0.6,-1.86,-0.37,90.2,3,-1.5
FINNIFTY,15m,bollinger_band_reversal,532,4,25,0.87,-0.34,-0.08,114,3,-1.5
MIDCPNIFTY,1m,s2_scalper,6942,0,0,0,0,0,0,0,0
MIDCPNIFTY,1m,option_rsi_mr,6942,94,0,0,-3787.62,-40.29,41.8,-0.99,-42.8
MIDCPNIFTY,1m,trend_continuation,6942,267,0.37,0,-5038.56,-18.87,20,8.8,-22.44
MIDCPNIFTY,1m,bb_mean_reversion,6942,113,0,0,-4486.93,-39.71,40.9,-3,-41.3
MIDCPNIFTY,1m,rsi_reversal,6942,83,1.2,0,-3331.11,-40.13,41.1,0.66,-41.53
MIDCPNIFTY,1m,sma_ema_trend,6942,156,0,0,-6305.17,-40.42,41.6,-21.13,-42.3
MIDCPNIFTY,1m,sma_ema_cross,6942,5,20,0.22,-4.71,-0.94,1355.8,1.29,-1.5
MIDCPNIFTY,1m,rsi_overbought_oversold,6942,4,25,0.83,-0.67,-0.17,1689,3,-1.5
MIDCPNIFTY,1m,bollinger_band_reversal,6942,4,75,4.01,4.52,1.13,1716,3,-1.5
MIDCPNIFTY,3m,s2_scalper,2304,0,0,0,0,0,0,0,0
MIDCPNIFTY,3m,option_rsi_mr,2304,32,6.25,0.01,-1213.82,-37.93,41.9,9.25,-41.7
MIDCPNIFTY,3m,trend_continuation,2304,87,0,0,-1557.64,-17.9,19.8,-4.95,-21.99
MIDCPNIFTY,3m,bb_mean_reversion,2304,36,0,0,-1411.55,-39.21,41.5,-18.03,-41.42
MIDCPNIFTY,3m,rsi_reversal,2304,28,3.57,0.01,-1077.83,-38.49,40.7,7.37,-41.06
MIDCPNIFTY,3m,sma_ema_trend,2304,49,2.04,0,-1932.05,-39.43,42.9,5.52,-42.17
MIDCPNIFTY,3m,sma_ema_cross,2304,5,20,0.14,-5.18,-1.04,428.4,0.82,-1.5
MIDCPNIFTY,3m,rsi_overbought_oversold,2304,4,75,4.15,4.75,1.19,547.3,3,-1.5
MIDCPNIFTY,3m,bollinger_band_reversal,2304,5,20,0.14,-5.17,-1.03,419.8,0.83,-1.5
MIDCPNIFTY,5m,s2_scalper,1422,0,0,0,0,0,0,0,0
MIDCPNIFTY,5m,option_rsi_mr,1422,18,5.56,0,-694.51,-38.58,43.4,1.99,-44.22
MIDCPNIFTY,5m,trend_continuation,1422,55,5.45,0.03,-912.33,-16.59,19.9,12.51,-22.19
MIDCPNIFTY,5m,bb_mean_reversion,1422,20,0,0,-787.68,-39.38,41.5,-29.87,-42.45
MIDCPNIFTY,5m,rsi_reversal,1422,18,5.56,0.01,-663.18,-36.84,42.6,4.29,-44.4
MIDCPNIFTY,5m,sma_ema_trend,1422,30,3.33,0,-1177,-39.23,42.4,0.51,-41.6
MIDCPNIFTY,5m,sma_ema_cross,1422,3,66.67,3.71,4.08,1.36,434.7,3,-1.5
MIDCPNIFTY,5m,rsi_overbought_oversold,1422,4,100,99,9.91,2.48,310.8,3,0.91
MIDCPNIFTY,5m,bollinger_band_reversal,1422,4,50,2.49,3.57,0.89,333,3,-1.5
MIDCPNIFTY,15m,s2_scalper,532,0,0,0,0,0,0,0,0
MIDCPNIFTY,15m,option_rsi_mr,532,7,0,0,-279.3,-39.9,45.9,-32.77,-41.96
MIDCPNIFTY,15m,trend_continuation,532,19,15.79,0.29,-173.93,-9.15,19.5,40.76,-21.18
MIDCPNIFTY,15m,bb_mean_reversion,532,8,0,0,-302.44,-37.8,42,-26.79,-40.89
MIDCPNIFTY,15m,rsi_reversal,532,7,28.57,0.1,-183.66,-26.24,36.1,13.46,-40.84
MIDCPNIFTY,15m,sma_ema_trend,532,11,9.09,0.01,-374.5,-34.05,41.3,4.51,-41.95
MIDCPNIFTY,15m,sma_ema_cross,532,3,66.67,2.91,2.83,0.94,135.7,3,-1.5
MIDCPNIFTY,15m,rsi_overbought_oversold,532,3,66.67,3.48,3.81,1.27,115,3,-1.5
MIDCPNIFTY,15m,bollinger_band_reversal,532,5,60,4.42,6.98,1.4,90.4,3,-1.5
SENSEX,1m,s2_scalper,6913,4,25,0.1,-4.06,-1.01,1511.3,0.44,-1.5
SENSEX,1m,option_rsi_mr,6913,90,0,0,-3649.2,-40.55,41.3,-26.02,-41.41
SENSEX,1m,trend_continuation,6913,262,0.76,0,-4903.64,-18.72,20,7.04,-21.89
SENSEX,1m,bb_mean_reversion,6913,115,0,0,-4569.65,-39.74,40.9,-5.02,-41.21
SENSEX,1m,rsi_reversal,6913,71,0,0,-2876.6,-40.52,41.6,-40,-41.39
SENSEX,1m,sma_ema_trend,6913,157,0,0,-6350.11,-40.45,41.3,-30,-41.68
SENSEX,1m,sma_ema_cross,6913,1,0,0,-0.47,-0.47,6859,-0.47,-0.47
SENSEX,1m,rsi_overbought_oversold,6913,1,0,0,-0.3,-0.3,6820,-0.3,-0.3
SENSEX,1m,bollinger_band_reversal,6913,2,50,1.36,0.58,0.29,3412,2.08,-1.5
SENSEX,3m,s2_scalper,2290,3,0,0,-4.5,-1.5,503.3,-1.5,-1.5
SENSEX,3m,option_rsi_mr,2290,31,0,0,-1252.08,-40.39,42.8,-24.6,-43
SENSEX,3m,trend_continuation,2290,86,1.16,0,-1496.31,-17.4,19.9,1.96,-21.83
SENSEX,3m,bb_mean_reversion,2290,37,0,0,-1385.48,-37.45,41,-16.03,-41.92
SENSEX,3m,rsi_reversal,2290,28,0,0,-1136.38,-40.58,42.3,-40,-41.92
SENSEX,3m,sma_ema_trend,2290,50,0,0,-2004.1,-40.08,42,-14.05,-41.93
SENSEX,3m,sma_ema_cross,2290,1,0,0,-0.59,-0.59,2199,-0.59,-0.59
SENSEX,3m,rsi_overbought_oversold,2290,2,50,1.35,0.56,0.28,1108,2.06,-1.5
SENSEX,3m,bollinger_band_reversal,2290,5,60,2.04,3.14,0.63,438.4,3,-1.5
SENSEX,5m,s2_scalper,1422,2,0,0,-3,-1.5,153.5,-1.5,-1.5
SENSEX,5m,option_rsi_mr,1422,22,0,0,-835.35,-37.97,40,-7.62,-42.7
SENSEX,5m,trend_continuation,1422,55,1.82,0,-940.34,-17.1,19.2,0.87,-21.72
SENSEX,5m,bb_mean_reversion,1422,22,0,0,-828.81,-37.67,41.8,-25.1,-41.54
SENSEX,5m,rsi_reversal,1422,18,0,0,-705.31,-39.18,43.6,-16.25,-41.24
SENSEX,5m,sma_ema_trend,1422,32,3.13,0.01,-1185.8,-37.06,39.9,13.04,-44.26
SENSEX,5m,sma_ema_cross,1422,3,66.67,3.27,3.33,1.11,428.7,3,-1.5
SENSEX,5m,rsi_overbought_oversold,1422,4,0,0,-4.78,-1.19,317.3,-0.28,-1.5
SENSEX,5m,bollinger_band_reversal,1422,4,0,0,-4.91,-1.23,337,-0.41,-1.5
SENSEX,15m,s2_scalper,532,2,50,2.02,1.5,0.75,163.5,3,-1.5
SENSEX,15m,option_rsi_mr,532,7,14.29,0.06,-222.7,-31.81,43.1,14.81,-42.29
SENSEX,15m,trend_continuation,532,19,26.32,0.16,-211.85,-11.15,19.8,31.62,-21.2
SENSEX,15m,bb_mean_reversion,532,8,0,0,-269.01,-33.63,36,-4.98,-41.15
SENSEX,15m,rsi_reversal,532,7,28.57,0.05,-194.16,-27.74,33.4,9.09,-40.98
SENSEX,15m,sma_ema_trend,532,12,8.33,0.03,-378.95,-31.58,38.2,14.81,-50.52
SENSEX,15m,sma_ema_cross,532,3,66.67,3,2.99,1,117.7,3,-1.5
SENSEX,15m,rsi_overbought_oversold,532,5,40,0.69,-1.33,-0.27,85.8,3,-1.5
SENSEX,15m,bollinger_band_reversal,532,4,25,0.89,-0.31,-0.08,112,3,-1.5